SECID,BOARDID,SHORTNAME,PREVPRICE,LOTSIZE,FACEVALUE,STATUS,BOARDNAME,DECIMALS,SECNAME,REMARKS,MARKETCODE,INSTRID,SECTORID,MINSTEP,PREVWAPRICE,FACEUNIT,PREVDATE,ISSUESIZE,ISIN,LATNAME,REGNUMBER,PREVLEGALCLOSEPRICE,CURRENCYID,SECTYPE,LISTLEVEL,SETTLEDATE
ABIO,TQBR,iАРТГЕН ао,100.18,10,0.1,A,Т+: Акции и ДР - безадрес.,2,"ПАО ""Артген""",,FNDT,EQIN,,0.02,101.04,SUR,2024-05-24,92645451,RU000A0JNAB6,ARTGEN ao,1-01-08902-A,100.4,SUR,1,2,2024-05-28
ABRD,TQBR,АбрауДюрсо,286.0,10,1.0,A,Т+: Акции и ДР - безадрес.,1,Абрау-Дюрсо ПАО ао,,FNDT,EQIN,,0.2,287.0,SUR,2024-05-24,98000184,RU000A0JS5T7,Abrau-Durso ao,1-02-12500-A,286.0,SUR,1,3,2024-05-28
ACKO,TQBR,АСКО ао,3.58,100,1.0,A,Т+: Акции и ДР - безадрес.,2,АСКО ПАО ао,,FNDT,EQIN,,0.02,3.64,SUR,2024-05-24,536000000,RU000A0JXS91,ASKO ao,1-01-52065-Z,3.58,SUR,1,3,2024-05-28
AFKS,TQBR,Система ао,27.655,100,0.09,A,Т+: Акции и ДР - безадрес.,3,"АФК ""Система"" ПАО ао",,FNDT,EQIN,,0.001,28.074,SUR,2024-05-24,9650000000,RU000A0DQZE3,AFK Sistema,1-05-01669-A,27.834,SUR,1,1,2024-05-28
AFLT,TQBR,Аэрофлот,58.13,10,1.0,A,Т+: Акции и ДР - безадрес.,2,Аэрофлот-росс.авиалин(ПАО)ао,,FNDT,EQIN,,0.01,57.79,SUR,2024-05-24,3975771215,RU0009062285,Aeroflot,1-01-00010-A,57.99,SUR,1,1,2024-05-28
AGRO,TQBR,AGRO-гдр,1419.4,1,0.0,A,Т+: Акции и ДР - безадрес.,1,ГДР ROS AGRO PLC ORD SHS,,FNDT,EQIN,,0.2,1432.4,USD,2024-05-24,0,US7496552057,GDR ROS AGRO PLC ORD SHS,,1433.0,SUR,D,1,2024-05-28
AKRN,TQBR,Акрон,16290.0,1,5.0,A,Т+: Акции и ДР - безадрес.,0,Акрон ПАО ао,,FNDT,EQIN,,2.0,16354.0,SUR,2024-05-24,36757156,RU0009028674,Acron,1-03-00207-A,16290.0,SUR,1,2,2024-05-28
ALRS,TQBR,АЛРОСА ао,80.05,10,0.5,A,Т+: Акции и ДР - безадрес.,2,АЛРОСА ПАО ао,,FNDT,EQIN,,0.01,80.46,SUR,2024-05-24,7364965630,RU0007252813,ALROSA ao,1-03-40046-N,80.79,SUR,1,1,2024-05-28
AMEZ,TQBR,АшинскийМЗ,63.12,100,1.0,A,Т+: Акции и ДР - безадрес.,2,Ашинский метзавод ПАО ао,,FNDT,EQIN,,0.02,62.44,SUR,2024-05-24,498454822,RU000A0B88G6,Ashinckiy metzavod PAO,1-03-45219-D,63.12,SUR,1,3,2024-05-28
APTK,TQBR,Аптеки36и6,12.578,10,0.64,A,Т+: Акции и ДР - безадрес.,3,"ПАО ""Аптечная сеть 36,6"" ао",,FNDT,EQIN,,0.002,12.728,SUR,2024-05-24,7630433826,RU0008081765,"Apteki 36,6",1-01-07335-A,12.578,SUR,1,2,2024-05-28
AQUA,TQBR,ИНАРКТИКА,874.0,1,100.0,A,Т+: Акции и ДР - безадрес.,1,ПАО ИНАРКТИКА,,FNDT,EQIN,,0.5,880.5,SUR,2024-05-24,87876649,RU000A0JQTS3,INARCTIKA,1-01-04461-D,879.0,SUR,1,1,2024-05-28
ARSA,TQBR,Арсагера,15.31,100,1.0,A,Т+: Акции и ДР - безадрес.,2,УК Арсагера ПАО-ао,,FNDT,EQIN,,0.01,15.41,SUR,2024-05-24,123817165,RU000A0JP0Q7,UK Arsagera,1-01-03163-D,15.31,SUR,1,3,2024-05-28
ASSB,TQBR,АстрЭнСб,2.83,1000,0.007,A,Т+: Акции и ДР - безадрес.,3,"""Астраханская ЭСК"" ПАО",,FNDT,EQIN,,0.005,2.875,SUR,2024-05-24,773900078,RU000A0D8MM8,Astrakhan Energo Sbyt,1-01-55064-E,2.83,SUR,1,3,2024-05-28
ASTR,TQBR,Астра ао,612.0,1,0.05,A,Т+: Акции и ДР - безадрес.,2,Группа Астра ао,,FNDT,EQIN,,0.05,615.7,SUR,2024-05-24,210000000,RU000A106T36,Astra Group,1-01-01286-G,616.0,SUR,1,2,2024-05-28
AVAN,TQBR,Авангрд-ао,919.0,1,10.0,A,Т+: Акции и ДР - безадрес.,0,"АКБ ""АВАНГАРД"" ПАО ао",,FNDT,EQIN,,1.0,929.0,SUR,2024-05-24,80700000,RU000A0DM7B3,"AKB ""AVANGARD""",10102879B,919.0,SUR,1,3,2024-05-28
BANE,TQBR,Башнефт ао,3051.5,1,1.0,A,Т+: Акции и ДР - безадрес.,1,Башнефть АНК ао,,FNDT,EQIN,,0.5,3036.5,SUR,2024-05-24,147846489,RU0007976957,Bashneft ANK ao,1-01-00013-A,3033.5,SUR,1,3,2024-05-28
BANEP,TQBR,Башнефт ап,2256.5,1,1.0,A,Т+: Акции и ДР - безадрес.,1,Башнефть АНК ап,,FNDT,EQIN,,0.5,2259.0,SUR,2024-05-24,29788012,RU0007976965,Bashneft ANK ap,2-01-00013-A,2254.0,SUR,2,3,2024-05-28
BELU,TQBR,НоваБев ао,5627.0,1,100.0,A,Т+: Акции и ДР - безадрес.,0,НоваБев Групп ПАО ао,,FNDT,EQIN,,1.0,5664.0,SUR,2024-05-24,15800000,RU000A0HL5M1,NovaBev Group ao,1-01-55052-E,5675.0,SUR,1,1,2024-05-28
BISVP,TQBR,БашИнСв ап,13.88,100,1.0,A,Т+: Акции и ДР - безадрес.,2,Башинформсвязь(ПАО) ап,,FNDT,EQIN,,0.01,14.06,SUR,2024-05-24,36165270,RU0009100176,BashInformSvyaz ap,2-01-00011-A,13.88,SUR,2,3,2024-05-28
BLNG,TQBR,Белон ао,26.75,100,0.01,A,Т+: Акции и ДР - безадрес.,3,Белон ОАО ао,,FNDT,EQIN,,0.005,26.95,SUR,2024-05-24,1150000000,RU000A0J2QG8,Belon ao,1-06-10167-F,26.75,SUR,1,3,2024-05-28
BRZL,TQBR,БурЗолото,2390.0,1,0.025,A,Т+: Акции и ДР - безадрес.,0,Бурятзолото ПАО ао,,FNDT,EQIN,,1.0,2439.0,SUR,2024-05-24,7027270,RU0009288658,Buryatzoloto ao,1-06-20577-F,2390.0,SUR,1,3,2024-05-28
BSPB,TQBR,БСП ао,368.6,10,1.0,A,Т+: Акции и ДР - безадрес.,2,"ПАО ""Банк ""Санкт-Петербург"" ао",,FNDT,EQIN,,0.01,369.86,SUR,2024-05-24,457544031,RU0009100945,BSP,10300436B,369.75,SUR,1,1,2024-05-28
BSPBP,TQBR,БСП ап,55.7,100,1.0,A,Т+: Акции и ДР - безадрес.,2,Банк Санкт-Петербург ап,,FNDT,EQIN,,0.05,55.9,SUR,2024-05-24,20100000,RU000A0JP0U9,BSP ap,20100436B,55.65,SUR,2,3,2024-05-28
CARM,TQBR,СТГ,2.129,100,1.0,A,Т+: Акции и ДР - безадрес.,4,СТГ ао,,FNDT,EQIN,,0.0005,2.157,SUR,2024-05-24,2203330301,RU000A105NV2,STG,1-01-03536-G,2.12,SUR,1,3,2024-05-28
CBOM,TQBR,МКБ ао,7.18,100,1.0,A,Т+: Акции и ДР - безадрес.,3,"""МКБ"" ПАО ао",,FNDT,EQIN,,0.001,7.23,SUR,2024-05-24,33429709866,RU000A0JUG31,MKB ao,10101978B,7.262,SUR,1,1,2024-05-28
CHGZ,TQBR,РН-ЗапСиб,145.2,10,0.1,A,Т+: Акции и ДР - безадрес.,1,РН-Западная Сибирь ПАО ао,,FNDT,EQIN,,0.2,143.2,SUR,2024-05-24,26771420,RU0009082291,RN-Western Siberia ao,1-01-00185-A,143.0,SUR,1,3,2024-05-28
CHKZ,TQBR,ЧКПЗ ао,28900.0,1,200.0,A,Т+: Акции и ДР - безадрес.,0,"""ЧКПЗ"" ПАО ао",,FNDT,EQIN,,50.0,29200.0,SUR,2024-05-24,600216,RU000A0JNST0,CKPZ,1-03-45058-D,28900.0,SUR,1,3,2024-05-28
CHMF,TQBR,СевСт-ао,1990.8,1,0.01,A,Т+: Акции и ДР - безадрес.,1,Северсталь (ПАО)ао,,FNDT,EQIN,,0.2,1985.2,SUR,2024-05-24,837718660,RU0009046510,Severstal - ao,1-02-00143-A,1980.0,SUR,1,1,2024-05-28
CHMK,TQBR,ЧМК ао,7770.0,1,1.0,A,Т+: Акции и ДР - безадрес.,0,"""ЧМК"" ПАО ао",,FNDT,EQIN,,5.0,7845.0,SUR,2024-05-24,3161965,RU0007665170,CMK,1-01-00080-A,7770.0,SUR,1,3,2024-05-28
CIAN,TQBR,CIAN-адр,933.0,1,0.0,A,Т+: Акции и ДР - безадрес.,1,АДР Cian PLC ORD SHS,,FNDT,EQIN,,0.2,950.0,SUR,2024-05-24,0,US83418T1088,ADR Cian PLC ORD SHS,,933.0,SUR,D,1,2024-05-28
CNTL,TQBR,Телеграф,16.44,100,1.0,A,Т+: Акции и ДР - безадрес.,2,"""Центральный Телеграф"" ПАО ао",,FNDT,EQIN,,0.02,16.86,SUR,2024-05-24,166167000,RU0007665147,Centrlnyi Telegraf,1-03-00327-A,16.44,SUR,1,3,2024-05-28
CNTLP,TQBR,Телеграф-п,11.08,100,1.0,A,Т+: Акции и ДР - безадрес.,2,"""Центральный Телеграф"" ПАО ап",,FNDT,EQIN,,0.02,11.18,SUR,2024-05-24,55389000,RU0007665139,Centrlnyi Telegraf ap,2-03-00327-A,11.08,SUR,2,3,2024-05-28
DELI,TQBR,Каршеринг,319.75,1,0.000625,A,Т+: Акции и ДР - безадрес.,2,Каршеринг Руссия ао,,FNDT,EQIN,,0.05,322.1,SUR,2024-05-24,175849057,RU000A107J11,Carsharing Russia,1-01-16750-A,319.75,SUR,1,2,2024-05-28
DIAS,TQBR,iДиасофт,6000.5,1,0.01,A,Т+: Акции и ДР - безадрес.,1,Диасофт ао,,FNDT,EQIN,,0.5,6014.0,SUR,2024-05-24,10500000,RU000A107ER5,Diasoft,1-01-84777-H,6000.5,SUR,1,2,2024-05-28
DIOD,TQBR,ЗаводДИОД,16.3,100,0.01,A,Т+: Акции и ДР - безадрес.,2,Завод ДИОД ПАО ао,,FNDT,EQIN,,0.01,16.31,SUR,2024-05-24,91500000,RU000A0JQWC1,Zavod DIOD ao,1-03-06923-A,16.3,SUR,1,3,2024-05-28
DVEC,TQBR,ДЭК ао,3.118,1000,1.0,A,Т+: Акции и ДР - безадрес.,3,"""ДЭК"" ПАО ао",,FNDT,EQIN,,0.001,3.165,SUR,2024-05-24,17223107804,RU000A0JP2W1,DEC,1-01-55275-E,3.118,SUR,1,3,2024-05-28
DZRD,TQBR,ДонскЗР,4880.0,1,1.0,A,Т+: Акции и ДР - безадрес.,0,Донской завод радиодеталей ао,,FNDT,EQIN,,5.0,4845.0,SUR,2024-05-24,343407,RU000A0JQW11,DZRD ao,1-01-02677-A,4890.0,SUR,1,3,2024-05-28
DZRDP,TQBR,ДонскЗР п,3420.0,1,1.0,A,Т+: Акции и ДР - безадрес.,0,Донской завод радиодеталей ап,,FNDT,EQIN,,10.0,3440.0,SUR,2024-05-24,114469,RU000A0JQW29,DZRD pref.,2-01-02677-A,3420.0,SUR,2,3,2024-05-28
EELT,TQBR,ЕвроЭлтех,19.34,10,1.0,A,Т+: Акции и ДР - безадрес.,2,"""ЕвропЭлектротехника"" ПАО ао",,FNDT,EQIN,,0.02,19.32,SUR,2024-05-24,551813000,RU000A0JWW54,European Eltech,1-01-83993-H,19.34,SUR,1,3,2024-05-28
ELFV,TQBR,ЭЛ5Энер ао,0.5938,1000,1.0,A,Т+: Акции и ДР - безадрес.,4,"""ЭЛ5-Энерго"" ПАО",,FNDT,EQIN,,0.0002,0.6014,SUR,2024-05-24,35371898370,RU000A0F5UN3,El5-Ener,1-01-50077-A,0.604,SUR,1,1,2024-05-28
ENPG,TQBR,ЭН+ГРУП ао,446.95,1,7e-05,A,Т+: Акции и ДР - безадрес.,2,МКПАО ЭН+ ГРУП ао,,FNDT,EQIN,,0.05,452.95,USD,2024-05-24,638848896,RU000A100K72,EN+ GROUP IPJSC ORD SHS,1-01-16625-A,449.9,SUR,1,1,2024-05-28
ETLN,TQBR,ETLN-гдр,94.08,1,0.0,A,Т+: Акции и ДР - безадрес.,2,ГДР ETALON GROUP PLC ORD SHS,,FNDT,EQIN,,0.02,93.92,USD,2024-05-24,0,US29760G1031,GDR ETALON GROUP PLC ORD SHS,,94.08,SUR,D,1,2024-05-28
EUTR,TQBR,ЕвроТранс,222.45,1,0.05,A,Т+: Акции и ДР - безадрес.,2,ЕвроТранс ао,,FNDT,EQIN,,0.05,227.65,SUR,2024-05-24,159148665,RU000A1002V2,EvroTrans,1-01-80110-H,222.45,SUR,1,1,2024-05-28
FEES,TQBR,Россети,0.11468,10000,0.5,A,Т+: Акции и ДР - безадрес.,5,"""ФСК - Россети"" ПАО",,FNDT,EQIN,,2e-05,0.1159,SUR,2024-05-24,2113460101477,RU000A0JPNN9,FGC ROSSETI,1-01-65018-D,0.11536,SUR,1,1,2024-05-28
FESH,TQBR,ДВМП ао,77.41,10,1.0,A,Т+: Акции и ДР - безадрес.,2,ДВ морское пароходство ПАО ао,,FNDT,EQIN,,0.01,78.81,SUR,2024-05-24,2951250000,RU0008992318,DVMP ao,1-03-00032-A,78.7,SUR,1,2,2024-05-28
FIVE,TQBR,FIVE-гдр,2798.0,1,0.0,N,Т+: Акции и ДР - безадрес.,1,ГДР X5 RetailGroup N.V.ORD SHS,,FNDT,EQIN,,0.5,2810.5,USD,2024-05-24,0,US98387E2054,GDR X5 RetailGroup N.V.ORD SHS,,2792.5,SUR,D,1,2024-05-28
FIXP,TQBR,FIXP-гдр,276.5,1,0.0,A,Т+: Акции и ДР - безадрес.,1,ГДР FixPrice Group PLC ORD SHS,,FNDT,EQIN,,0.1,281.3,USD,2024-05-24,0,US33835G2057,GDR FixPrice Group PLC ORD SHS,,281.7,SUR,D,1,2024-05-28
FLOT,TQBR,Совкомфлот,132.8,10,1.0,A,Т+: Акции и ДР - безадрес.,2,Совкомфлот ао,,FNDT,EQIN,,0.01,133.54,SUR,2024-05-24,2374993901,RU000A0JXNU8,Sovcomflot,1-01-10613-A,134.0,SUR,1,1,2024-05-28
GAZC,TQBR,ГАЗКОН-ао,659.0,10,10.0,A,Т+: Акции и ДР - безадрес.,0,ГАЗКОН (ПАО) ао,,FNDT,EQIN,,1.0,659.0,SUR,2024-05-24,225381601,RU000A0JQG86,Gazkon ao,1-01-09870-A,659.0,SUR,1,3,2024-05-28
GAZP,TQBR,ГАЗПРОМ ао,133.34,10,5.0,A,Т+: Акции и ДР - безадрес.,2,"""Газпром"" (ПАО) ао",,FNDT,EQIN,,0.01,134.6,SUR,2024-05-24,23673512900,RU0007661625,Gazprom,1-02-00028-A,133.75,SUR,1,1,2024-05-28
GAZS,TQBR,ГАЗ-сервис,839.0,10,10.0,A,Т+: Акции и ДР - безадрес.,0,ГАЗ-сервис (ПАО) ао,,FNDT,EQIN,,1.0,839.0,SUR,2024-05-24,206508967,RU000A0JQG78,Gaz-servis ao,1-01-09871-A,839.0,SUR,1,3,2024-05-28
GAZT,TQBR,ГАЗ-Тек ао,1739.0,10,100.0,A,Т+: Акции и ДР - безадрес.,1,ГАЗ-Тек ПАО ао,,FNDT,EQIN,,0.5,1739.0,SUR,2024-05-24,471428300,RU000A0JS199,GAZ-Tek PAO ao,1-01-12996-A,1739.0,SUR,1,3,2024-05-28
GCHE,TQBR,ЧеркизГ-ао,4788.0,1,0.01,A,Т+: Акции и ДР - безадрес.,1,Группа Черкизово ПАО-ао,,FNDT,EQIN,,0.5,4821.0,SUR,2024-05-24,42222042,RU000A0JL4R1,Cherkizovo Group ao,1-02-10797-A,4788.0,SUR,1,3,2024-05-28
GECO,TQBR,iГЕНЕТИКО,43.61,10,0.01,A,Т+: Акции и ДР - безадрес.,2,ЦГРМ ГЕНЕТИКО ао,,FNDT,EQIN,,0.01,44.14,SUR,2024-05-24,83000000,RU000A105BN4,GENETICO,1-01-87198-H,43.61,SUR,1,3,2024-05-28
GEMA,TQBR,iММЦБ ао,175.4,10,0.01,A,Т+: Акции и ДР - безадрес.,2,ПАО ММЦБ ао,,FNDT,EQIN,,0.05,177.5,SUR,2024-05-24,14929920,RU000A100GC7,IMCB PJSC,1-01-85932-H,175.4,SUR,1,3,2024-05-28
GEMC,TQBR,МКПАО ЮМГ,799.8,1,0.03721404,A,Т+: Акции и ДР - безадрес.,1,Юнайтед Медикал Груп ПАО,,FNDT,EQIN,,0.1,798.3,SUR,2024-05-24,90000000,RU000A107JE2,IPJSC UMG,1-01-16774-A,799.8,SUR,1,1,2024-05-28
GLTR,TQBR,GLTR-гдр,771.45,1,0.0,A,Т+: Акции и ДР - безадрес.,2,ГДР Globaltrans Invest ORD SHS,,FNDT,EQIN,,0.05,773.25,USD,2024-05-24,0,US37949E2046,GDR Globaltrans Inves ORD SHS,,773.55,SUR,D,1,2024-05-28
GMKN,TQBR,ГМКНорНик,153.04,10,0.01,A,Т+: Акции и ДР - безадрес.,2,"ГМК ""Нор.Никель"" ПАО ао",,FNDT,EQIN,,0.02,153.78,SUR,2024-05-24,15286339700,RU0007288411,NorNickel GMK,1-01-40155-F,152.24,SUR,1,1,2024-05-28
GTRK,TQBR,ГТМ ао,412.0,10,100.0,A,Т+: Акции и ДР - безадрес.,1,"ПАО ""ГТМ"" ао",,FNDT,EQIN,,0.1,413.2,SUR,2024-05-24,58462120,RU000A0ZYD22,GTM,1-01-84907-H,412.2,SUR,1,3,2024-05-28
HHRU,TQBR,iHHRU-адр,5077.0,1,0.0,A,Т+: Акции и ДР - безадрес.,0,АДР HeadHunter Group ORD SHS,,FNDT,EQIN,,1.0,5038.0,USD,2024-05-24,0,US42207L1061,ADR HeadHunter Group ORD SHS,,5077.0,SUR,D,1,2024-05-28
HIMCP,TQBR,Химпром ап,29.44,100,1.0,A,Т+: Акции и ДР - безадрес.,2,Химпром ПАО ап,,FNDT,EQIN,,0.02,29.56,SUR,2024-05-24,229631402,RU0009099006,Himprom ap,2-01-55076-D,29.44,SUR,2,3,2024-05-28
HNFG,TQBR,ХЭНДЕРСОН,733.1,1,50.0,A,Т+: Акции и ДР - безадрес.,1,ХЭНДЕРСОН ао,,FNDT,EQIN,,0.1,748.2,SUR,2024-05-24,40444445,RU000A106XF2,HENDERSON,1-01-03109-G,733.1,SUR,1,2,2024-05-28
HYDR,TQBR,РусГидро,0.6989,1000,1.0,A,Т+: Акции и ДР - безадрес.,4,"ПАО ""РусГидро""",,FNDT,EQIN,,0.0001,0.7082,SUR,2024-05-24,444793377038,RU000A0JPKH7,RusGidro,1-01-55038-E,0.7144,SUR,1,1,2024-05-28
IGST,TQBR,Ижсталь2ао,10840.0,1,1000.0,A,Т+: Акции и ДР - безадрес.,0,Ижсталь ПАО ао 2в.,,FNDT,EQIN,,20.0,11180.0,SUR,2024-05-24,800729,RU0002155292,Izhstal 2ao,1-02-30078-D,10860.0,SUR,1,3,2024-05-28
IGSTP,TQBR,Ижсталь ап,8000.0,1,1000.0,A,Т+: Акции и ДР - безадрес.,0,Ижсталь ПАО ап,,FNDT,EQIN,,10.0,8300.0,SUR,2024-05-24,266910,RU0002155300,Izhstal ap,2-02-30078-D,8000.0,SUR,2,3,2024-05-28
INGR,TQBR,ИНГРАД ао,1779.0,1,1000.0,A,Т+: Акции и ДР - безадрес.,0,ИНГРАД ПАО ао,,FNDT,EQIN,,1.0,1785.0,SUR,2024-05-24,41220793,RU000A0DJ9B4,INGRAD,1-01-50020-A,1779.0,SUR,1,3,2024-05-28
IRAO,TQBR,ИнтерРАОао,4.309,100,2.809767,A,Т+: Акции и ДР - безадрес.,4,"""Интер РАО"" ПАО ао",,FNDT,EQIN,,0.0005,4.3305,SUR,2024-05-24,104400000000,RU000A0JPNM1,Inter RAO ao,1-04-33498-E,4.3135,SUR,1,1,2024-05-28
IRKT,TQBR,Яковлев-3,60.4,100,3.0,A,Т+: Акции и ДР - безадрес.,2,"""Яковлев"" ПАО ак.об.-3",,FNDT,EQIN,,0.05,62.3,SUR,2024-05-24,11686422311,RU0006752979,Yakovlev-3,1-03-00040-A,62.0,SUR,1,3,2024-05-28
JNOS,TQBR,Славн-ЯНОС,24.25,100,1.0,A,Т+: Акции и ДР - безадрес.,2,Славнефть-ЯНОС (ПАО) ао,,FNDT,EQIN,,0.05,24.35,SUR,2024-05-24,932654723,RU0009100895,Slavneft-JANOS,1-01-00199-A,24.25,SUR,1,3,2024-05-28
JNOSP,TQBR,Слав-ЯНОСп,15.64,100,1.0,A,Т+: Акции и ДР - безадрес.,2,Славнефть-ЯНОС (ПАО) ап,,FNDT,EQIN,,0.02,15.6,SUR,2024-05-24,310884574,RU0009101927,Slavneft-JANOS (pref),2-01-00199-A,15.64,SUR,2,3,2024-05-28
KAZT,TQBR,Куйбазот,606.8,10,1.0,A,Т+: Акции и ДР - безадрес.,1,Куйбышевазот ПАО ао,,FNDT,EQIN,,0.2,612.0,SUR,2024-05-24,234147999,RU000A0B9BV2,Kuib.Azot ao,1-01-00067-A,606.8,SUR,1,3,2024-05-28
KAZTP,TQBR,Куйбазот-п,632.0,10,1.0,A,Т+: Акции и ДР - безадрес.,1,Куйбышевазот ПАО ап,,FNDT,EQIN,,0.5,635.5,SUR,2024-05-24,3696506,RU000A0B9BW0,Kuibishevazot ap,2-01-00067-A,632.0,SUR,2,3,2024-05-28
KBSB,TQBR,ТНСэКубань,503.5,10,0.56,A,Т+: Акции и ДР - безадрес.,1,ТНС энерго Кубань ПАО ао,,FNDT,EQIN,,0.5,504.0,SUR,2024-05-24,17869440,RU000A0JNJ11,TNS energo Kuban Company,1-01-55218-E,503.5,SUR,1,3,2024-05-28
KCHE,TQBR,КамчатЭ ао,0.671,10000,0.1,A,Т+: Акции и ДР - безадрес.,3,Камчатскэнерго ПАО ао,,FNDT,EQIN,,0.001,0.676,SUR,2024-05-24,58294409860,RU0006753498,Kamchatskenergo,1-02-00235-A,0.671,SUR,1,3,2024-05-28
KCHEP,TQBR,КамчатЭ ап,1.275,10000,0.1,A,Т+: Акции и ДР - безадрес.,3,Камчатскэнерго ПАО ап,,FNDT,EQIN,,0.005,1.275,SUR,2024-05-24,183062052,RU0006753480,Kamchatskenergo (pref),2-02-00235-A,1.275,SUR,2,3,2024-05-28
KGKC,TQBR,КурганГКао,52.2,10,7.2,A,Т+: Акции и ДР - безадрес.,1,Курганская генер.комп.ПАО ао,,FNDT,EQIN,,0.2,53.2,SUR,2024-05-24,122453406,RU000A0JP120,Kurganskaja Gener.Kompanija,1-01-55226-E,52.2,SUR,1,3,2024-05-28
KGKCP,TQBR,КурганГКап,55.4,10,7.2,A,Т+: Акции и ДР - безадрес.,1,Курганская генер. комп. ПАО ап,,FNDT,EQIN,,0.2,56.6,SUR,2024-05-24,14393052,RU000A0JP138,Kurganskaja Gener.Kompanija ap,2-01-55226-E,55.4,SUR,2,3,2024-05-28
KLSB,TQBR,КалужскСК,29.07,100,0.2,A,Т+: Акции и ДР - безадрес.,2,"ао""Калужская сбыт.комп.""ПАО",,FNDT,EQIN,,0.01,29.26,SUR,2024-05-24,91487347,RU000A0DKZK3,Kalugsk. Sbyt. Company ao,1-01-65057-D,29.07,SUR,1,3,2024-05-28
KLVZ,TQBR,Кристалл,7.154,100,0.01,A,Т+: Акции и ДР - безадрес.,3,Алкогольная Группа Кристалл,,FNDT,EQIN,,0.002,7.18,SUR,2024-05-24,921052700,RU000A107KX0,KLVZ KRISTALL,1-01-05421-G,7.154,SUR,1,3,2024-05-28
KMAZ,TQBR,КАМАЗ,169.6,10,50.0,A,Т+: Акции и ДР - безадрес.,1,КАМАЗ ПАО,,FNDT,EQIN,,0.1,173.8,SUR,2024-05-24,707229559,RU0008959580,KAMAZ,1-08-55010-D,174.2,SUR,1,2,2024-05-28
KMEZ,TQBR,КМЗ,1594.0,1,250.0,A,Т+: Акции и ДР - безадрес.,0,Ковровский механический завод,,FNDT,EQIN,,2.0,1594.0,SUR,2024-05-24,3764600,RU0006753613,Kovrov Mech. Zavod,1-02-05376-A,1594.0,SUR,1,3,2024-05-28
KOGK,TQBR,КоршГОК ао,51000.0,1,1.0,A,Т+: Акции и ДР - безадрес.,0,Коршуновский ГОК ПАО ао,,FNDT,EQIN,,200.0,51000.0,SUR,2024-05-24,250126,RU0002155359,Korshunovskii GOK,1-01-20992-F,51000.0,SUR,1,3,2024-05-28
KRKN,TQBR,СаратНПЗ,12300.0,1,1.0,A,Т+: Акции и ДР - безадрес.,0,Саратовский НПЗ ПАО ао,,FNDT,EQIN,,50.0,12350.0,SUR,2024-05-24,748012,RU0009100408,Saratovskiy NPZ ao,1-01-00248-A,12300.0,SUR,1,3,2024-05-28
KRKNP,TQBR,СаратНПЗ-п,11080.0,1,1.0,A,Т+: Акции и ДР - безадрес.,0,Саратовский НПЗ ПАО ап,,FNDT,EQIN,,20.0,11160.0,SUR,2024-05-24,249337,RU0009100416,Saratovskiy NPZ ap,2-01-00248-A,11080.0,SUR,2,3,2024-05-28
KRKOP,TQBR,ТКЗКК ап,14.14,100,1.0,A,Т+: Акции и ДР - безадрес.,2,ТКЗ Красный котельщик ПАО ап,,FNDT,EQIN,,0.02,14.5,SUR,2024-05-24,71086000,RU0009098131,TKZ Krasny Kotelshchik ap,2-01-30301-E,14.14,SUR,2,3,2024-05-28
KROT,TQBR,КрасОкт-ао,2677.0,10,1.0,A,Т+: Акции и ДР - безадрес.,0,"""КрасныйОктябрь"" ПАО - ао",,FNDT,EQIN,,1.0,2710.0,SUR,2024-05-24,9217583,RU0008913850,KrasnyiOctyabr,1-02-00060-A,2677.0,SUR,1,3,2024-05-28
KROTP,TQBR,КрасОкт-1п,779.0,10,1.0,A,Т+: Акции и ДР - безадрес.,0,КрасныйОктябрь-1п,,FNDT,EQIN,,1.0,778.0,SUR,2024-05-24,1474549,RU0008913868,KrasnyiOctabr-1(pr),2-01-00060-A,779.0,SUR,2,3,2024-05-28
KRSB,TQBR,Красэсб ао,18.34,100,0.02,A,Т+: Акции и ДР - безадрес.,2,Красноярскэнергосбыт ао,,FNDT,EQIN,,0.02,18.44,SUR,2024-05-24,596039612,RU000A0HMLY1,Krashojarskenergosbyt,1-01-55147-E,18.28,SUR,1,3,2024-05-28
KRSBP,TQBR,Красэсб ап,18.04,100,0.02,A,Т+: Акции и ДР - безадрес.,2,Красноярскэнергосбыт ап,,FNDT,EQIN,,0.02,18.1,SUR,2024-05-24,168993328,RU000A0HMLZ8,Krashojarskenergosbyt pref.,2-01-55147-E,18.04,SUR,2,3,2024-05-28
KUBE,TQBR,РСетКубань,332.6,10,100.0,A,Т+: Акции и ДР - безадрес.,1,"""Россети Кубань"" ПАО",,FNDT,EQIN,,0.2,338.2,SUR,2024-05-24,334657837,RU0009046767,Rosseti Kuban,1-02-00063-A,332.8,SUR,1,3,2024-05-28
KUZB,TQBR,КузнецкийБ,0.0576,10000,0.01,A,Т+: Акции и ДР - безадрес.,5,"Банк ""Кузнецкий"" ПАО ао",,FNDT,EQIN,,5e-05,0.0578,SUR,2024-05-24,22503490875,RU000A0JSQ66,"Bank ""Kuzneckiy""",10100609B,0.0576,SUR,1,3,2024-05-28
KZOS,TQBR,ОргСинт ао,112.7,10,1.0,A,Т+: Акции и ДР - безадрес.,1,"ПАО ""Органический синтез"" ао",,FNDT,EQIN,,0.1,112.9,SUR,2024-05-24,1785114000,RU0009089825,PAO Organicheskiy Sintez ao,1-02-55245-D,112.7,SUR,1,3,2024-05-28
KZOSP,TQBR,ОргСинт ап,26.16,10,1.0,A,Т+: Акции и ДР - безадрес.,2,"ПАО ""Органический синтез"" ап",,FNDT,EQIN,,0.01,26.43,SUR,2024-05-24,119596000,RU0006753456,PAO Organicheskiy Sintez ap,2-02-55245-D,26.16,SUR,2,3,2024-05-28
LEAS,TQBR,Европлан,1017.0,1,1.0,A,Т+: Акции и ДР - безадрес.,1,ПАО «ЛК «Европлан»,,FNDT,EQIN,,0.1,1023.7,SUR,2024-05-24,120000000,RU000A0ZZFS9,Europlan,1-01-16419-A,1017.0,SUR,1,1,2024-05-28
LENT,TQBR,Лента ао,1126.0,1,0.0912632,A,Т+: Акции и ДР - безадрес.,1,Лента МКПАО ао,,FNDT,EQIN,,0.5,1123.5,SUR,2024-05-24,115985197,RU000A102S15,Lenta IPJSC ORD SHS,1-01-16686-A,1126.0,SUR,1,1,2024-05-28
LKOH,TQBR,ЛУКОЙЛ,7720.0,1,0.025,A,Т+: Акции и ДР - безадрес.,1,НК ЛУКОЙЛ (ПАО) - ао,,FNDT,EQIN,,0.5,7759.0,SUR,2024-05-24,692865762,RU0009024277,LUKOIL,1-01-00077-A,7750.0,SUR,1,1,2024-05-28
LNZL,TQBR,Лензолото,15850.0,1,1.0,A,Т+: Акции и ДР - безадрес.,0,"""Лензолото"" ПАО ао",,FNDT,EQIN,,10.0,15940.0,SUR,2024-05-24,1140300,RU000A0JP1N2,Lenzoloto,1-02-40433-N,15850.0,SUR,1,3,2024-05-28
LNZLP,TQBR,Лензол. ап,2700.0,1,1.0,A,Т+: Акции и ДР - безадрес.,0,"""Лензолото"" ПАО ап",,FNDT,EQIN,,5.0,2715.0,SUR,2024-05-24,347700,RU000A0JP1P7,Lenzoloto pref.,2-02-40433-N,2700.0,SUR,2,3,2024-05-28
LSNG,TQBR,РСетиЛЭ,21.22,100,1.0,A,Т+: Акции и ДР - безадрес.,2,Россети Ленэнерго ПАО-ао,,FNDT,EQIN,,0.01,21.32,SUR,2024-05-24,8523785320,RU0009034490,Rosseti LenEnrg,1-01-00073-A,21.22,SUR,1,3,2024-05-28
LSNGP,TQBR,РСетиЛЭ-п,220.4,10,1.0,A,Т+: Акции и ДР - безадрес.,2,Россети Ленэнерго ПАО-ап,,FNDT,EQIN,,0.05,220.2,SUR,2024-05-24,93264311,RU0009092134,Rosseti LenEnrg (pref),2-01-00073-A,220.4,SUR,2,3,2024-05-28
LSRG,TQBR,ЛСР ао,802.4,1,0.25,A,Т+: Акции и ДР - безадрес.,1,Группа ЛСР ПАО ао,,FNDT,EQIN,,0.2,814.0,SUR,2024-05-24,103030215,RU000A0JPFP0,LSR,1-01-55234-E,802.4,SUR,1,1,2024-05-28
LVHK,TQBR,Левенгук,51.25,100,10.0,A,Т+: Акции и ДР - безадрес.,2,Левенгук ПАО ао,,FNDT,EQIN,,0.05,52.1,SUR,2024-05-24,52940000,RU000A0JT7Y2,Levenguk ao,1-01-04329-D,51.25,SUR,1,3,2024-05-28
MAGE,TQBR,МагадЭн ао,4.99,100,1.0,A,Т+: Акции и ДР - безадрес.,2,"""Магаданэнерго"" ПАО ао",,FNDT,EQIN,,0.01,5.02,SUR,2024-05-24,463838268,RU0006758919,Magadanenergo ao,1-01-00254-A,4.99,SUR,1,3,2024-05-28
MAGEP,TQBR,МагадЭн ап,3.53,100,1.0,A,Т+: Акции и ДР - безадрес.,2,"""Магаданэнерго"" ПАО ап",,FNDT,EQIN,,0.01,3.51,SUR,2024-05-24,145673254,RU0006758893,Magadanenergo ap,2-01-00254-A,3.53,SUR,2,3,2024-05-28
MAGN,TQBR,ММК,58.93,10,1.0,A,Т+: Акции и ДР - безадрес.,3,"""Магнитогорск.мет.комб"" ПАО ао",,FNDT,EQIN,,0.005,59.16,SUR,2024-05-24,11174330000,RU0009084396,MMK,1-03-00078-A,58.685,SUR,1,1,2024-05-28
MBNK,TQBR,МТС Банк,2501.0,1,500.0,A,Т+: Акции и ДР - безадрес.,1,МТС-Банк ао,,FNDT,EQIN,,0.5,2500.5,SUR,2024-05-24,34629063,RU000A0JRH43,MTS Bank,10102268B,2501.0,SUR,1,1,2024-05-28
MDMG,TQBR,MDMG-гдр,1072.0,1,0.0,A,Т+: Акции и ДР - безадрес.,1,ГДР MD Medical Group Inv. PLC,,FNDT,EQIN,,0.1,1072.9,USD,2024-05-24,0,US55279C2008,GDR MD Medical Group Inv. PLC,,1072.0,SUR,D,1,2024-05-28
MFGS,TQBR,Мегион-ао,456.5,10,25.0,A,Т+: Акции и ДР - безадрес.,1,"ао ""Славнефть-Мегионнефтегаз""",,FNDT,EQIN,,0.5,459.0,SUR,2024-05-24,99474705,RU0009011126,Megion,1-03-00149-A,456.5,SUR,1,3,2024-05-28
MFGSP,TQBR,Мегион-ап,324.5,10,25.0,A,Т+: Акции и ДР - безадрес.,1,ап Мегионнефтегаз,,FNDT,EQIN,,0.5,322.0,SUR,2024-05-24,33056875,RU0009011134,Megion (pref),2-03-00149-A,324.0,SUR,2,3,2024-05-28
MGKL,TQBR,МГКЛ,2.633,100,0.01,A,Т+: Акции и ДР - безадрес.,4,МГКЛ ао,,FNDT,EQIN,,0.0005,2.671,SUR,2024-05-24,1268545000,RU000A0JVJQ8,MGKL,1-01-11915-A,2.653,SUR,1,3,2024-05-28
MGNT,TQBR,Магнит ао,8057.0,1,0.01,A,Т+: Акции и ДР - безадрес.,1,"""Магнит"" ПАО ао",,FNDT,EQIN,,0.5,8038.0,SUR,2024-05-24,101911355,RU000A0JKQU8,Magnit,1-01-60525-P,8135.0,SUR,1,3,2024-05-28
MGNZ,TQBR,СМЗ-ао,7440.0,1,0.25,A,Т+: Акции и ДР - безадрес.,0,Соликамский магн.завод(ОАО)ао,,FNDT,EQIN,,10.0,7330.0,SUR,2024-05-24,398272,RU0009100911,SMZ,1-01-00283-A,7440.0,SUR,1,3,2024-05-28
MGTS,TQBR,МГТС-5ао,1590.0,1,40.0,A,Т+: Акции и ДР - безадрес.,0,"ПАО ""МГТС"" ао (5 в)",,FNDT,EQIN,,5.0,1595.0,SUR,2024-05-24,79708751,RU0009036461,MGTS-5,1-05-00083-A,1590.0,SUR,1,3,2024-05-28
MGTSP,TQBR,МГТС-4ап,1250.0,1,40.0,A,Т+: Акции и ДР - безадрес.,0,"ПАО ""МГТС"" ап (4 в)",,FNDT,EQIN,,2.0,1256.0,SUR,2024-05-24,15514042,RU0009036479,MGTS-4,2-04-00083-A,1250.0,SUR,2,3,2024-05-28
MISB,TQBR,ТНСэнМарЭл,71.6,100,0.1,A,Т+: Акции и ДР - безадрес.,1,ТНС энерго Марий Эл ПАО ао,,FNDT,EQIN,,0.1,72.6,SUR,2024-05-24,121847780,RU000A0D8K33,TNS energo Mariy El ao,1-01-50086-A,71.7,SUR,1,3,2024-05-28
MISBP,TQBR,ТНСэМаЭл-п,66.5,100,0.1,A,Т+: Акции и ДР - безадрес.,1,ТНС энерго Марий Эл ПАО ап,,FNDT,EQIN,,0.1,68.3,SUR,2024-05-24,10652220,RU000A0D8K41,TNS energo Mariy El (pref),2-01-50086-A,66.5,SUR,2,3,2024-05-28
MOEX,TQBR,МосБиржа,237.0,10,1.0,A,Т+: Акции и ДР - безадрес.,2,ПАО Московская Биржа,,FNDT,EQIN,,0.01,236.15,SUR,2024-05-24,2276401458,RU000A0JR4A1,MoscowExchange,1-05-08443-H,237.0,SUR,1,1,2024-05-28
MRKC,TQBR,РоссЦентр,0.5844,1000,0.1,A,Т+: Акции и ДР - безадрес.,4,"ПАО ""Россети Центр"" ао",,FNDT,EQIN,,0.0002,0.5878,SUR,2024-05-24,42217941468,RU000A0JPPL8,Rosseti Centr,1-01-10214-A,0.5844,SUR,1,2,2024-05-28
MRKK,TQBR,Россети СК,24.76,10,1.0,A,Т+: Акции и ДР - безадрес.,2,Россети Сев. Кавказ ао,,FNDT,EQIN,,0.02,25.12,SUR,2024-05-24,2093354170,RU000A0JPPQ7,Rosseti Severnyy Kavkaz ao,1-01-34747-E,24.76,SUR,1,3,2024-05-28
MRKP,TQBR,РСетиЦП ао,0.3556,10000,0.1,A,Т+: Акции и ДР - безадрес.,4,Россети Центр и Приволжье ао,,FNDT,EQIN,,0.0001,0.3568,SUR,2024-05-24,112697817043,RU000A0JPN96,Rosseti Centr i Privoljye ao,1-01-12665-E,0.3556,SUR,1,2,2024-05-28
MRKS,TQBR,РсетСиб ао,0.7275,10000,0.1,A,Т+: Акции и ДР - безадрес.,4,Россети Сибирь ао,,FNDT,EQIN,,0.0005,0.7335,SUR,2024-05-24,94815163249,RU000A0JPPF0,Rosseti Sibir,1-01-12044-F,0.7275,SUR,1,2,2024-05-28
MRKU,TQBR,Россети Ур,0.6764,10000,0.1,A,Т+: Акции и ДР - безадрес.,4,Россети Урал (ПАО) ао,,FNDT,EQIN,,0.0002,0.674,SUR,2024-05-24,87430485711,RU000A0JPPT1,Rosseti Ural ao,1-01-32501-D,0.6764,SUR,1,2,2024-05-28
MRKV,TQBR,РсетВол ао,0.071,10000,0.1,A,Т+: Акции и ДР - безадрес.,5,Россети Волга ао,,FNDT,EQIN,,5e-05,0.0708,SUR,2024-05-24,188307958732,RU000A0JPPN4,Rosseti Volga,1-01-04247-E,0.071,SUR,1,2,2024-05-28
MRKY,TQBR,РоссЮг ао,0.0874,10000,0.1,A,Т+: Акции и ДР - безадрес.,5,Россети Юг  (ПАО) ао,,FNDT,EQIN,,5e-05,0.08815,SUR,2024-05-24,151641426354,RU000A0JPPG8,Rosseti South ao,1-01-34956-E,0.0874,SUR,1,3,2024-05-28
MRKZ,TQBR,РСетиСЗ ао,0.09095,10000,0.1,A,Т+: Акции и ДР - безадрес.,5,ПАО Россети Северо-Запад ао,,FNDT,EQIN,,5e-05,0.09175,SUR,2024-05-24,95785923138,RU000A0JPPB9,Rosseti Severo-Zapad,1-01-03347-D,0.09095,SUR,1,2,2024-05-28
MRSB,TQBR,МордЭнСб,0.902,10000,0.0136,A,Т+: Акции и ДР - безадрес.,3,Мордовск.энергсбыт.комп.ПАО ао,,FNDT,EQIN,,0.001,0.909,SUR,2024-05-24,1345037710,RU000A0D9AJ7,Mordovskaya EnergoSbyt Comp.,1-01-55055-E,0.902,SUR,1,3,2024-05-28
MSNG,TQBR,+МосЭнерго,3.335,1000,1.0,A,Т+: Акции и ДР - безадрес.,4,МосЭнерго акции обыкн.,,FNDT,EQIN,,0.0005,3.364,SUR,2024-05-24,39749359700,RU0008958863,MosEnrg,1-01-00085-A,3.3575,SUR,1,1,2024-05-28
MSRS,TQBR,РСетиМР ао,1.355,1000,0.5,A,Т+: Акции и ДР - безадрес.,4,ПАО Россети Моск.рег. ао,,FNDT,EQIN,,0.0005,1.371,SUR,2024-05-24,48707091574,RU000A0ET7Y7,Rosseti Moscow Region,1-01-65116-D,1.355,SUR,1,2,2024-05-28
MSTT,TQBR,Мостотрест,196.45,10,0.14,A,Т+: Акции и ДР - безадрес.,2,"ПАО ""МОСТОТРЕСТ"" ао",,FNDT,EQIN,,0.05,200.8,SUR,2024-05-24,282215500,RU0009177331,Mostotrest,1-03-02472-A,196.45,SUR,1,3,2024-05-28
MTLR,TQBR,Мечел ао,227.0,1,10.0,A,Т+: Акции и ДР - безадрес.,2,Мечел ПАО ао,,FNDT,EQIN,,0.01,229.71,SUR,2024-05-24,416270745,RU000A0DKXV5,Mechel,1-01-55005-E,230.2,SUR,1,1,2024-05-28
MTLRP,TQBR,Мечел ап,237.6,10,10.0,A,Т+: Акции и ДР - безадрес.,2,Мечел ПАО ап,,FNDT,EQIN,,0.05,240.7,SUR,2024-05-24,138756915,RU000A0JPV70,Mechel pref.,2-01-55005-E,240.55,SUR,2,1,2024-05-28
MTSS,TQBR,МТС-ао,304.1,10,0.1,A,Т+: Акции и ДР - безадрес.,2,Мобильные ТелеСистемы ПАО ао,,FNDT,EQIN,,0.05,304.65,SUR,2024-05-24,1998381575,RU0007775219,MTS,1-01-04715-A,304.15,SUR,1,1,2024-05-28
MVID,TQBR,М.видео,174.7,1,10.0,A,Т+: Акции и ДР - безадрес.,1,"""М.видео"" ПАО ао",,FNDT,EQIN,,0.1,174.9,SUR,2024-05-24,179768227,RU000A0JPGA0,M.video,1-02-11700-A,173.0,SUR,1,1,2024-05-28
NAUK,TQBR,iНПОНаука,671.5,10,0.2,A,Т+: Акции и ДР - безадрес.,1,НПО Наука ао,,FNDT,EQIN,,0.5,682.5,SUR,2024-05-24,11789500,RU000A0JRPX9,NPO Nauka ao,1-01-04440-A,671.5,SUR,1,3,2024-05-28
NFAZ,TQBR,НЕФАЗ,494.0,10,1.0,A,Т+: Акции и ДР - безадрес.,1,НЕФАЗ ПАО ао,,FNDT,EQIN,,0.5,505.0,SUR,2024-05-24,8038896,RU0009115604,NEFAZ PAO ao,1-01-30520-D,494.0,SUR,1,3,2024-05-28
NKHP,TQBR,НКХП ао,1002.0,10,1.0,A,Т+: Акции и ДР - безадрес.,1,НКХП ПАО ао,,FNDT,EQIN,,0.5,1026.5,SUR,2024-05-24,67597000,RU000A0BLWD7,NKHP ao,1-03-35684-E,1002.0,SUR,1,3,2024-05-28
NKNC,TQBR,НКНХ ао,99.0,10,1.0,A,Т+: Акции и ДР - безадрес.,2,"""Нижнекамскнефтехим"" ПАО ао",,FNDT,EQIN,,0.05,99.85,SUR,2024-05-24,1611256000,RU0009100507,Niznekamskneftekhim ao,1-02-00096-A,99.0,SUR,1,3,2024-05-28
NKNCP,TQBR,НКНХ ап,77.54,10,1.0,A,Т+: Акции и ДР - безадрес.,2,"""Нижнекамскнефтехим"" ПАО ап",,FNDT,EQIN,,0.02,77.7,SUR,2024-05-24,218983750,RU0006765096,Niznekamskneftekhim (pref),2-02-00096-A,77.54,SUR,2,3,2024-05-28
NKSH,TQBR,Нижкамшина,70.05,100,1.0,A,Т+: Акции и ДР - безадрес.,2,Нижнекамскшина ПАО ао,,FNDT,EQIN,,0.05,70.85,SUR,2024-05-24,63731171,RU0009100515,Nizhnekamskshina ao,1-02-55032-D,70.05,SUR,1,3,2024-05-28
NLMK,TQBR,НЛМК ао,255.44,10,1.0,A,Т+: Акции и ДР - безадрес.,2,"ПАО ""НЛМК"" ао",,FNDT,EQIN,,0.02,253.94,SUR,2024-05-24,5993227240,RU0009046452,NLMK ao,1-01-00102-A,253.34,SUR,1,1,2024-05-28
NMTP,TQBR,НМТП ао,12.16,100,0.01,A,Т+: Акции и ДР - безадрес.,3,НМТП (ПАО) ао,,FNDT,EQIN,,0.005,12.16,SUR,2024-05-24,19259815400,RU0009084446,NMTP,1-01-30251-E,12.23,SUR,1,3,2024-05-28
NNSB,TQBR,ТНСэнНН ао,4950.0,1,11.88,A,Т+: Акции и ДР - безадрес.,0,ТНС энерго Нижний Новг.ПАО ао,,FNDT,EQIN,,10.0,4910.0,SUR,2024-05-24,3919400,RU000A0ET5A1,TNS energo Nizhniy-Novgorod ao,1-01-55072-E,4910.0,SUR,1,3,2024-05-28
NNSBP,TQBR,ТНСэнНН ап,1636.0,1,11.88,A,Т+: Акции и ДР - безадрес.,0,ТНС энерго Нижний Новг.ПАО ап,,FNDT,EQIN,,2.0,1650.0,SUR,2024-05-24,1063512,RU000A0ET5B9,TNS energo Nizhniy Novg. pref,2-01-55072-E,1636.0,SUR,2,3,2024-05-28
NSVZ,TQBR,iНаукаСвяз,512.5,10,1.0,A,Т+: Акции и ДР - безадрес.,1,Наука-Связь ПАО ао,,FNDT,EQIN,,0.5,518.0,SUR,2024-05-24,15701562,RU000A0JQLB6,Nauka-Svyaz ao,1-01-12689-A,512.5,SUR,1,3,2024-05-28
NVTK,TQBR,Новатэк ао,1120.4,1,0.1,A,Т+: Акции и ДР - безадрес.,1,"ПАО ""НОВАТЭК"" ао",,FNDT,EQIN,,0.2,1143.4,SUR,2024-05-24,3036306000,RU000A0DKVS5,NOVATEK,1-02-00268-E,1136.8,SUR,1,1,2024-05-28
OGKB,TQBR,ОГК-2 ао,0.5139,1000,0.3627,A,Т+: Акции и ДР - безадрес.,4,ОГК-2 ПАО ао,,FNDT,EQIN,,0.0001,0.5271,SUR,2024-05-24,110441160870,RU000A0JNG55,OGK-2,1-02-65105-D,0.5322,SUR,1,2,2024-05-28
OKEY,TQBR,OKEY-гдр,30.41,10,0.0,A,Т+: Акции и ДР - безадрес.,2,ГДР OKEY Group S.A. ORD SHS,,FNDT,EQIN,,0.01,30.81,USD,2024-05-24,0,US6708662019,GDR OKEY Group ORD SHS,,30.41,SUR,D,1,2024-05-28
OMZZP,TQBR,ОМЗ-ап,20780.0,1,0.1,A,Т+: Акции и ДР - безадрес.,0,"ап""Объединён.  маш. заводы""",,FNDT,EQIN,,20.0,20540.0,SUR,2024-05-24,2750000,RU0009090559,OMZ (pref),2-01-30174-D,20780.0,SUR,2,3,2024-05-28
OZON,TQBR,OZON-адр,4532.0,1,0.0,A,Т+: Акции и ДР - безадрес.,1,АДР Ozon Holdings PLC ORD SHS,,FNDT,EQIN,,0.5,4568.5,USD,2024-05-24,0,US69269L1044,ADS Ozon Holdings PLC ORD SHS,,4547.0,SUR,D,1,2024-05-28
PHOR,TQBR,ФосАгро ао,6266.0,1,2.5,A,Т+: Акции и ДР - безадрес.,0,ФосАгро ПАО ао,,FNDT,EQIN,,1.0,6240.0,SUR,2024-05-24,129500000,RU000A0JRKT8,PhosAgro ao,1-02-06556-A,6271.0,SUR,1,1,2024-05-28
PIKK,TQBR,ПИК ао,869.1,1,62.5,A,Т+: Акции и ДР - безадрес.,1,ПИК СЗ (ПАО) ао,,FNDT,EQIN,,0.1,865.0,SUR,2024-05-24,660497344,RU000A0JP7J7,PIK SZ,1-02-01556-A,868.6,SUR,1,1,2024-05-28
PLZL,TQBR,Полюс,13770.0,1,1.0,A,Т+: Акции и ДР - безадрес.,1,Полюс ПАО ао,,FNDT,EQIN,,0.5,13931.5,SUR,2024-05-24,136069400,RU000A0JNAA8,Polus,1-01-55192-E,13784.0,SUR,1,1,2024-05-28
PMSB,TQBR,ПермьЭнСб,260.0,10,3.25,A,Т+: Акции и ДР - безадрес.,1,"""Пермэнергосбыт"" ПАО ао",,FNDT,EQIN,,0.1,276.2,SUR,2024-05-24,36210960,RU000A0ET123,Perm' EnergoSbyt,1-01-55084-E,260.0,SUR,1,3,2024-05-28
PMSBP,TQBR,ПермьЭнС-п,263.0,10,3.25,A,Т+: Акции и ДР - безадрес.,1,"""Пермэнергосбыт"" ПАО ап",,FNDT,EQIN,,0.2,281.4,SUR,2024-05-24,11353500,RU000A0ET156,Perm' EnergoSbyt (pref),2-01-55084-E,263.0,SUR,2,3,2024-05-28
POLY,TQBR,Polymetal,282.3,1,0.03,A,Т+: Акции и ДР - безадрес.,1,Polymetal International plc,,FNDT,EQIN,,0.1,286.2,USD,2024-05-24,515259819,JE00B6T5S470,Polymetal International plc,,284.1,SUR,1,3,2024-05-28
POSI,TQBR,iПозитив,3053.6,1,0.5,A,Т+: Акции и ДР - безадрес.,1,Группа Позитив ао,,FNDT,EQIN,,0.2,3076.6,SUR,2024-05-24,66000000,RU000A103X66,PJSC Positive Group,1-01-85307-H,3072.0,SUR,1,1,2024-05-28
PRFN,TQBR,ЧЗПСН ао,5.8,100,0.1,A,Т+: Акции и ДР - безадрес.,3,ЧЗПСН-Профнастил (ПАО) ао,,FNDT,EQIN,,0.002,5.854,SUR,2024-05-24,838287450,RU000A0JNXF9,CZPSN-Profnasteel,1-01-45194-D,5.8,SUR,1,3,2024-05-28
PRMB,TQBR,Приморье,34800.0,1,1000.0,A,Т+: Акции и ДР - безадрес.,0,"АКБ ""Приморье"" ао",,FNDT,EQIN,,200.0,35000.0,SUR,2024-05-24,250000,RU000A0DPNQ5,AKB Primorye,10103001B,34800.0,SUR,1,3,2024-05-28
QIWI,TQBR,iQIWI,184.2,1,0.0,A,Т+: Акции и ДР - безадрес.,1,QIWI PLC,,FNDT,EQIN,,0.2,187.6,USD,2024-05-24,0,US74735M1080,QIWI PLC,,185.6,SUR,D,3,2024-05-28
RASP,TQBR,Распадская,405.4,10,0.004,A,Т+: Акции и ДР - безадрес.,2,ПАО Распадская ао,,FNDT,EQIN,,0.05,404.35,SUR,2024-05-24,665733918,RU000A0B90N8,Raspadskaya,1-04-21725-N,403.95,SUR,1,2,2024-05-28
RBCM,TQBR,ГК РБК ао,18.35,100,0.00064,A,Т+: Акции и ДР - безадрес.,3,ГК РБК ПАО ао,,FNDT,EQIN,,0.002,18.768,SUR,2024-05-24,365631010,RU000A0JR6A6,GK RBK ao,1-02-56413-H,18.35,SUR,1,3,2024-05-28
RDRB,TQBR,РДБанк ао,206.0,10,124.0,A,Т+: Акции и ДР - безадрес.,1,РоссийскийДорож Банк ПАО ао,,FNDT,EQIN,,0.5,206.0,SUR,2024-05-24,21472741,RU000A0JU6Q7,RosDor Bank ao,10201573B,206.0,SUR,1,3,2024-05-28
RENI,TQBR,Ренессанс,106.2,10,9.88,A,Т+: Акции и ДР - безадрес.,2,Ренессанс Страхование ао,,FNDT,EQIN,,0.02,106.94,SUR,2024-05-24,556952780,RU000A0ZZM04,Renaissance Insurance,1-01-10601-Z,106.2,SUR,1,1,2024-05-28
RGSS,TQBR,РГС СК ао,0.3206,1000,0.03,A,Т+: Акции и ДР - безадрес.,4,Росгосстрах СК ПАО ао,,FNDT,EQIN,,0.0002,0.3212,SUR,2024-05-24,489503740915,RU0008010855,Rosgosstrakh ao,1-03-10003-Z,0.3206,SUR,1,3,2024-05-28
RKKE,TQBR,ЭнергияРКК,25310.0,1,1000.0,A,Т+: Акции и ДР - безадрес.,0,РКК Энергия им.С.П.Королева ао,,FNDT,EQIN,,10.0,25590.0,SUR,2024-05-24,1807401,RU0009095939,RKK Energia,1-03-01091-A,25340.0,SUR,1,3,2024-05-28
RNFT,TQBR,РуссНфт ао,209.6,1,0.5,A,Т+: Акции и ДР - безадрес.,1,РуссНефть НК ПАО ао,,FNDT,EQIN,,0.1,212.1,SUR,2024-05-24,294120000,RU000A0JSE60,RussNeft NK,1-02-39134-H,210.5,SUR,1,1,2024-05-28
ROLO,TQBR,Русолово,1.1238,1000,0.1,A,Т+: Акции и ДР - безадрес.,4,"""Русолово"" ПАО ао",,FNDT,EQIN,,0.0002,1.1404,SUR,2024-05-24,30001000000,RU000A0JU1B0,Rusolovo PAO ao,1-01-15065-A,1.1238,SUR,1,3,2024-05-28
ROSB,TQBR,Росбанк ао,118.0,10,10.0,A,Т+: Акции и ДР - безадрес.,1,РОСБАНК ПАО ао,,FNDT,EQIN,,0.2,117.6,SUR,2024-05-24,1551401853,RU000A0HHK26,ROSBANK,10102272B,118.0,SUR,1,3,2024-05-28
ROSN,TQBR,Роснефть,585.1,1,0.01,A,Т+: Акции и ДР - безадрес.,2,ПАО НК Роснефть,,FNDT,EQIN,,0.05,587.4,SUR,2024-05-24,10598177817,RU000A0J2Q06,Rosneft,1-02-00122-A,587.4,SUR,1,1,2024-05-28
ROST,TQBR,РОСИНТЕРао,170.8,10,169.7,A,Т+: Акции и ДР - безадрес.,1,РОСИНТЕР РЕСТОРАНТС (ПАО),,FNDT,EQIN,,0.2,179.8,SUR,2024-05-24,16305334,RU000A0JP922,ROSINTER RESTAURANTS ao,1-02-55033-E,170.8,SUR,1,3,2024-05-28
RTGZ,TQBR,ГазпРнД ао,45400.0,1,2000.0,A,Т+: Акции и ДР - безадрес.,0,Газпром газорасп Р-н-Д ПАО ао,,FNDT,EQIN,,100.0,47400.0,SUR,2024-05-24,120246,RU000A0JPG04,Gazprom gazorasp. Rostov ao,1-02-30742-E,45500.0,SUR,1,3,2024-05-28
RTKM,TQBR,Ростел -ао,105.37,10,0.0025,A,Т+: Акции и ДР - безадрес.,2,Ростелеком (ПАО) ао.,,FNDT,EQIN,,0.01,104.9,SUR,2024-05-24,3282997929,RU0008943394,Rostelecom,1-01-00124-A,105.36,SUR,1,1,2024-05-28
RTKMP,TQBR,Ростел -ап,85.55,10,0.0025,A,Т+: Акции и ДР - безадрес.,2,Ростелеком (ПАО) ап.,,FNDT,EQIN,,0.05,85.85,SUR,2024-05-24,209565147,RU0009046700,Rostelecom- (pref),2-01-00124-A,85.8,SUR,2,1,2024-05-28
RTSB,TQBR,ТНСэнРст,4.715,1000,0.02,A,Т+: Акции и ДР - безадрес.,3,ТНС энерго Ростов. ПАО ао,,FNDT,EQIN,,0.005,4.66,SUR,2024-05-24,8128764676,RU000A0D8PB4,TNS energo Rostov-na-Dony ao,1-01-50095-A,4.715,SUR,1,3,2024-05-28
RTSBP,TQBR,ТНСэнРст-п,2.128,1000,0.02,A,Т+: Акции и ДР - безадрес.,3,ТНС энерго Ростов. ПАО ап,,FNDT,EQIN,,0.002,2.188,SUR,2024-05-24,925737256,RU000A0D8PC2,TNS energo Rostov-na-Dony(prf),2-01-50095-A,2.128,SUR,2,3,2024-05-28
RUAL,TQBR,РУСАЛ ао,44.21,10,0.656517,A,Т+: Акции и ДР - безадрес.,3,РУСАЛ ОК МКПАО ао,,FNDT,EQIN,,0.005,44.59,SUR,2024-05-24,15193014862,RU000A1025V3,RUSAL ao,1-01-16677-A,44.51,SUR,1,1,2024-05-28
RUSI,TQBR,ИКРУСС-ИНВ,118.7,10,1.0,A,Т+: Акции и ДР - безадрес.,1,РУСС-ИНВЕСТ ИК ПАО ао,,FNDT,EQIN,,0.1,118.9,SUR,2024-05-24,109000000,RU000A0JQ9W5,RUSS-INVEST IC ao,1-01-00409-A,118.4,SUR,1,3,2024-05-28
RZSB,TQBR,РязЭнСб,43.56,100,0.05,A,Т+: Акции и ДР - безадрес.,2,"""Рязанская энергосб.комп"" ПАО",,FNDT,EQIN,,0.02,43.58,SUR,2024-05-24,206940220,RU000A0D9AF5,"JSC ""Ryazanenergosbyt""",1-01-50092-A,43.56,SUR,1,3,2024-05-28
SAGO,TQBR,СамарЭн-ао,3.715,1000,0.25,A,Т+: Акции и ДР - безадрес.,3,Самараэнерго (ПАО) - ао,,FNDT,EQIN,,0.005,3.775,SUR,2024-05-24,3538928532,RU0009098255,SamaraEnergo ao,1-02-00127-A,3.715,SUR,1,3,2024-05-28
SAGOP,TQBR,СамарЭн-ап,3.98,1000,0.01,A,Т+: Акции и ДР - безадрес.,3,Самараэнерго (ПАО) - ап,,FNDT,EQIN,,0.005,3.98,SUR,2024-05-24,521993080,RU0009084495,SamaraEnergo(pref),2-02-00127-A,3.98,SUR,2,3,2024-05-28
SARE,TQBR,СаратЭн-ао,0.59,10000,0.02,A,Т+: Акции и ДР - безадрес.,3,Саратовэнерго(ПАО)-ао,,FNDT,EQIN,,0.001,0.593,SUR,2024-05-24,4865127996,RU0009100754,SaratovEnergo ao,1-02-00132-A,0.59,SUR,1,3,2024-05-28
SAREP,TQBR,СаратЭн-ап,0.342,10000,0.02113,A,Т+: Акции и ДР - безадрес.,4,Саратовэнерго(ПАО)-ап,,FNDT,EQIN,,0.0005,0.3435,SUR,2024-05-24,1493316000,RU0009100762,SaratovEnergo (pref),2-02-00132-A,0.342,SUR,2,3,2024-05-28
SBER,TQBR,Сбербанк,321.0,10,3.0,A,Т+: Акции и ДР - безадрес.,2,Сбербанк России ПАО ао,,FNDT,EQIN,,0.01,321.65,SUR,2024-05-24,21586948000,RU0009029540,Sberbank,10301481B,321.3,SUR,1,1,2024-05-28
SBERP,TQBR,Сбербанк-п,321.58,10,3.0,A,Т+: Акции и ДР - безадрес.,2,Сбербанк России ПАО ап,,FNDT,EQIN,,0.01,322.0,SUR,2024-05-24,1000000000,RU0009029557,Sberbank (pref),20301481B,321.64,SUR,2,1,2024-05-28
SELG,TQBR,Селигдар,71.29,10,1.0,A,Т+: Акции и ДР - безадрес.,2,"ПАО ""Селигдар""  ао",,FNDT,EQIN,,0.01,72.62,SUR,2024-05-24,1030000000,RU000A0JPR50,Seligdar,1-01-32694-F,71.6,SUR,1,1,2024-05-28
SFIN,TQBR,ЭсЭфАй ао,1349.6,1,0.67,A,Т+: Акции и ДР - безадрес.,1,ЭсЭфАй ПАО ао,,FNDT,EQIN,,0.2,1368.2,SUR,2024-05-24,111637791,RU000A0JVW89,SFI ao,1-02-56453-P,1349.6,SUR,1,1,2024-05-28
SGZH,TQBR,Сегежа,3.288,100,0.1,A,Т+: Акции и ДР - безадрес.,3,Сегежа ао,,FNDT,EQIN,,0.001,3.39,SUR,2024-05-24,15690000000,RU000A102XG9,Segezha,1-01-87154-H,3.341,SUR,1,1,2024-05-28
SIBN,TQBR,Газпрнефть,729.2,1,0.0016,A,Т+: Акции и ДР - безадрес.,2,Газпром нефть ПАО ао,,FNDT,EQIN,,0.05,732.5,SUR,2024-05-24,4741299639,RU0009062467,Gazprom neft,1-01-00146-A,734.45,SUR,1,3,2024-05-28
SLEN,TQBR,Сахэнер ао,4.62,100,10.0,A,Т+: Акции и ДР - безадрес.,3,"ПАО ""Сахалинэнерго"" ао",,FNDT,EQIN,,0.005,4.675,SUR,2024-05-24,1237175444,RU0009280465,Sakhalinenergo ao,1-03-00272-A,4.62,SUR,1,3,2024-05-28
SMLT,TQBR,Самолет ао,3493.5,1,25.0,A,Т+: Акции и ДР - безадрес.,1,ГК Самолет ао,,FNDT,EQIN,,0.5,3499.0,SUR,2024-05-24,61579358,RU000A0ZZG02,Samolet,1-01-16493-A,3493.5,SUR,1,1,2024-05-28
SNGS,TQBR,Сургнфгз,31.74,100,1.0,A,Т+: Акции и ДР - безадрес.,3,Сургутнефтегаз ПАО акции об.,,FNDT,EQIN,,0.005,32.06,SUR,2024-05-24,35725994705,RU0008926258,Surgut,1-01-00155-A,31.85,SUR,1,2,2024-05-28
SNGSP,TQBR,Сургнфгз-п,70.705,100,1.0,A,Т+: Акции и ДР - безадрес.,3,Сургутнефтегаз ПАО ап,,FNDT,EQIN,,0.005,70.66,SUR,2024-05-24,7701998235,RU0009029524,Surgut-pref,2-01-00155-A,70.9,SUR,2,2,2024-05-28
SOFL,TQBR,iСофтлайн,170.84,10,0.001499992500037,A,Т+: Акции и ДР - безадрес.,2,Софтлайн ао,,FNDT,EQIN,,0.02,172.8,SUR,2024-05-24,324000000,RU000A0ZZBC2,Softline,1-01-45848-H,173.04,SUR,1,2,2024-05-28
SPBE,TQBR,СПБ Биржа,115.6,1,3.75,A,Т+: Акции и ДР - безадрес.,1,СПБ Биржа ао,,FNDT,EQIN,,0.1,116.0,SUR,2024-05-24,132843907,RU000A0JQ9P9,SPB Exchange,1-01-55439-E,116.4,SUR,1,3,2024-05-28
STSB,TQBR,СтаврЭнСб,3.21,1000,0.0048,A,Т+: Акции и ДР - безадрес.,3,Ставрополэнергосбыт ПАО ао,,FNDT,EQIN,,0.005,3.24,SUR,2024-05-24,859074636,RU000A0ET1W4,StavropolEnergoSbyt,1-01-50119-A,3.21,SUR,1,3,2024-05-28
STSBP,TQBR,СтаврЭнСбп,3.214,1000,0.0048,A,Т+: Акции и ДР - безадрес.,3,Ставрополэнергосбыт ПАО ап,,FNDT,EQIN,,0.002,3.196,SUR,2024-05-24,262100364,RU000A0ET1Z7,StavropolEnergoSbyt (pref),2-01-50119-A,3.214,SUR,2,3,2024-05-28
SVAV,TQBR,СОЛЛЕРС,1017.5,1,12.5,A,Т+: Акции и ДР - безадрес.,1,"ПАО ""СОЛЛЕРС""",,FNDT,EQIN,,0.5,1031.5,SUR,2024-05-24,31486001,RU0006914488,Sollers Avto,1-01-02461-D,1010.0,SUR,1,2,2024-05-28
SVCB,TQBR,Совкомбанк,18.22,100,0.1,A,Т+: Акции и ДР - безадрес.,3,Совкомбанк ао,,FNDT,EQIN,,0.005,18.31,SUR,2024-05-24,20693945875,RU000A0ZZAC4,Sovcombank,10100963B,18.26,SUR,1,1,2024-05-28
SVET,TQBR,Светофор,28.9,1,1.0,A,Т+: Акции и ДР - безадрес.,2,Светофор Групп ао,,FNDT,EQIN,,0.05,29.05,SUR,2024-05-24,22333500,RU000A100592,Svetofor Group,1-01-24350-J,28.9,SUR,1,3,2024-05-28
SVETP,TQBR,Светофор п,,1,1.0,A,Т+: Акции и ДР - безадрес.,2,Светофор Групп ап,,FNDT,EQIN,,0.05,,SUR,0000-00-00,2481500,RU000A1005A9,Svetofor Group ps,2-01-24350-J,,SUR,2,3,2024-05-28
TASB,TQBR,ТамбЭнСб,2.104,1000,0.02,A,Т+: Акции и ДР - безадрес.,3,"ао""Тамбов.энергсбыт.комп.""ПАО",,FNDT,EQIN,,0.002,2.126,SUR,2024-05-24,1525986880,RU000A0D8NG8,Tambov EnergoSbyt Company,1-01-65100-D,2.104,SUR,1,3,2024-05-28
TASBP,TQBR,ТамбЭнСб-п,1.172,10000,0.02,A,Т+: Акции и ДР - безадрес.,3,"ап""Тамбов.энергсбыт.комп.""ПАО",,FNDT,EQIN,,0.002,1.182,SUR,2024-05-24,217961420,RU000A0D8NH6,Tambov EnergoSbyt Comp. (pref),2-01-65100-D,1.172,SUR,2,3,2024-05-28
TATN,TQBR,Татнфт 3ао,732.1,1,1.0,A,Т+: Акции и ДР - безадрес.,1,"ПАО ""Татнефть"" ао",,FNDT,EQIN,,0.1,728.6,SUR,2024-05-24,2178690700,RU0009033591,Tatneft-3,1-03-00161-A,736.1,SUR,1,1,2024-05-28
TATNP,TQBR,Татнфт 3ап,723.3,1,1.0,A,Т+: Акции и ДР - безадрес.,1,"ПАО ""Татнефть"" ап 3 вып.",,FNDT,EQIN,,0.1,721.4,SUR,2024-05-24,147508500,RU0006944147,Tatneft (pref),2-03-00161-A,726.0,SUR,2,1,2024-05-28
TCSG,TQBR,ТКСХолд ао,2909.5,1,3.639384,A,Т+: Акции и ДР - безадрес.,1,ТКС Холдинг МКПАО ао,,FNDT,EQIN,,0.5,2934.5,SUR,2024-05-24,199305492,RU000A107UL4,IPJSC TCS Holding,1-01-16784-A,2930.0,SUR,1,1,2024-05-28
TGKA,TQBR,ТГК-1,0.008936,100000,0.01,A,Т+: Акции и ДР - безадрес.,6,"ао ПАО ""ТГК-1""",,FNDT,EQIN,,2e-06,0.009092,SUR,2024-05-24,3854341416571,RU000A0JNUD0,TGK-1,1-01-03388-D,0.009096,SUR,1,1,2024-05-28
TGKB,TQBR,ТГК-2,0.01184,1000000,0.01,A,Т+: Акции и ДР - безадрес.,6,"ао ПАО ""ТГК-2""",,FNDT,EQIN,,5e-06,0.01201,SUR,2024-05-24,1458404850747,RU000A0JNGS7,TGK-2,1-01-10420-A,0.01184,SUR,1,3,2024-05-28
TGKBP,TQBR,ТГК-2 ап,0.01844,100000,0.01,A,Т+: Акции и ДР - безадрес.,5,"ап ПАО ""ТГК-2""",,FNDT,EQIN,,1e-05,0.01841,SUR,2024-05-24,16500533681,RU000A0JNGT5,TGK-2 pref,2-01-10420-A,0.01844,SUR,2,3,2024-05-28
TGKN,TQBR,ТГК-14,0.0155,100000,0.001,A,Т+: Акции и ДР - безадрес.,5,"ао ПАО ""ТГК-14""",,FNDT,EQIN,,1e-05,0.01548,SUR,2024-05-24,1357945609114,RU000A0H1ES3,TGK-14,1-01-22451-F,0.0155,SUR,1,2,2024-05-28
TNSE,TQBR,ТНСэнрг ао,3180.0,1,1.0,A,Т+: Акции и ДР - безадрес.,0,"ПАО ГК ""ТНС энерго"" ао",,FNDT,EQIN,,5.0,3210.0,SUR,2024-05-24,13668239,RU000A0JUCQ5,"PAO GK ""TNS energo"" ao",1-01-15521-A,3180.0,SUR,1,3,2024-05-28
TORS,TQBR,ТРК ао,1.01,10000,0.4916,A,Т+: Акции и ДР - безадрес.,3,"ао ""Томская распределит.комп.""",,FNDT,EQIN,,0.002,1.022,SUR,2024-05-24,3819315580,RU000A0ETZF2,Tomsk raspredelit. komp ao,1-01-50128-A,1.0,SUR,1,3,2024-05-28
TORSP,TQBR,ТРК ап,0.506,10000,0.4916,A,Т+: Акции и ДР - безадрес.,3,"ап ""Томская распределит.комп.""",,FNDT,EQIN,,0.001,0.512,SUR,2024-05-24,576693000,RU000A0ETZM8,Tomsk raspredelit. komp ap,2-01-50128-A,0.506,SUR,2,3,2024-05-28
TRMK,TQBR,ТМК ао,218.7,10,10.0,A,Т+: Акции и ДР - безадрес.,2,ПАО ТМК,,FNDT,EQIN,,0.02,218.92,SUR,2024-05-24,1033135366,RU000A0B6NK6,TMK ao,1-01-29031-H,219.0,SUR,1,2,2024-05-28
TRNFP,TQBR,Транснф ап,1663.0,1,0.01,A,Т+: Акции и ДР - безадрес.,1,Транснефть ПАО акц.пр.,,FNDT,EQIN,,0.5,1672.5,SUR,2024-05-24,155487500,RU0009091573,Transneft (pref),2-01-00206-A,1674.0,SUR,2,1,2024-05-28
TTLK,TQBR,Таттел. ао,1.017,1000,0.1,A,Т+: Акции и ДР - безадрес.,4,"""Таттелеком"" ПАО ао",,FNDT,EQIN,,0.0005,1.031,SUR,2024-05-24,20843976400,RU000A0HM5C1,Tattelekom,1-02-50049-A,1.017,SUR,1,3,2024-05-28
TUZA,TQBR,ТЗА ао,329.0,10,10.0,A,Т+: Акции и ДР - безадрес.,1,Туймаз. завод автобетоновозов,,FNDT,EQIN,,0.5,334.5,SUR,2024-05-24,8220000,RU000A0HL7A2,Tuimaz. Zavod Avtobetonovozov,1-01-30455-D,329.0,SUR,1,3,2024-05-28
UGLD,TQBR,ЮГК,1.0033,1000,0.001,A,Т+: Акции и ДР - безадрес.,4,ЮГК,,FNDT,EQIN,,0.0001,1.0146,SUR,2024-05-24,212827273000,RU000A0JPP37,UGC,1-02-33010-D,1.0033,SUR,1,2,2024-05-28
UKUZ,TQBR,ЮжКузб. ао,1512.0,1,0.04,A,Т+: Акции и ДР - безадрес.,0,Южный Кузбасс ПАО ао,,FNDT,EQIN,,2.0,1540.0,SUR,2024-05-24,36149002,RU0005294775,Uzhnyi Kuzbass,1-02-10591-F,1512.0,SUR,1,3,2024-05-28
UNAC,TQBR,iАвиастКао,0.9705,1000,0.27,A,Т+: Акции и ДР - безадрес.,4,Об.авиастр.корп. ПАО ао,,FNDT,EQIN,,0.0005,0.9925,SUR,2024-05-24,532939780119,RU000A0JPLZ7,Ob.aviastroitelnaya korp.,1-02-55306-E,0.9865,SUR,1,3,2024-05-28
UNKL,TQBR,ЮУНК ао,6990.0,1,1.0,A,Т+: Акции и ДР - безадрес.,0,Южно-Уральский никел. комб. ао,,FNDT,EQIN,,10.0,7100.0,SUR,2024-05-24,599737,RU0004887991,Uzhno-Uralskiy nikel. komb. ao,1-01-00197-A,6990.0,SUR,1,3,2024-05-28
UPRO,TQBR,Юнипро ао,2.028,1000,0.4,A,Т+: Акции и ДР - безадрес.,3,Юнипро ПАО ао,,FNDT,EQIN,,0.001,2.042,SUR,2024-05-24,63048706145,RU000A0JNGA5,Unipro PAO ao,1-02-65104-D,2.035,SUR,1,1,2024-05-28
URKZ,TQBR,УрКузница,28600.0,1,1.0,A,Т+: Акции и ДР - безадрес.,0,"ПАО ""Уральская кузница"" ао",,FNDT,EQIN,,50.0,28800.0,SUR,2024-05-24,547761,RU000A0JPFY2,Uralskaya kuznica ao,1-01-32341-D,28600.0,SUR,1,3,2024-05-28
USBN,TQBR,УралСиб ао,0.267,10000,0.1,A,Т+: Акции и ДР - безадрес.,4,БАНК УРАЛСИБ ПАО ао,,FNDT,EQIN,,0.0001,0.269,SUR,2024-05-24,360134697357,RU0006929536,BANK URALSIB ao,10200030B,0.267,SUR,1,3,2024-05-28
UTAR,TQBR,ЮТэйр ао,17.7,100,1.0,A,Т+: Акции и ДР - безадрес.,2,"Авиакомпания ""ЮТэйр"" (ПАО) ао",,FNDT,EQIN,,0.01,17.97,SUR,2024-05-24,7896123268,RU0007661385,UTAir Aviacompany,1-01-00077-F,17.7,SUR,1,3,2024-05-28
VEON-RX,TQBR,VEON,36.6,10,0.001,A,Т+: Акции и ДР - безадрес.,2,VEON Ltd. ORD SHS,,FNDT,EQIN,,0.05,36.55,USD,2024-05-24,1749127404,BMG9349W1038,VEON Ltd. ORD SHS,,36.6,SUR,1,3,2024-05-28
VGSB,TQBR,ВолгЭнСб,17.1,1000,0.12,A,Т+: Акции и ДР - безадрес.,2,"""Волгоград.энергосбыткомп"" ПАО",,FNDT,EQIN,,0.02,17.3,SUR,2024-05-24,319595965,RU000A0D8L73,Volgograd Energo Sbyt,1-01-65103-D,17.1,SUR,1,3,2024-05-28
VGSBP,TQBR,ВолгЭнСб-п,10.8,1000,0.12,A,Т+: Акции и ДР - безадрес.,2,"""Волгоград.энергосбыткомп"" ПАО",,FNDT,EQIN,,0.02,11.02,SUR,2024-05-24,80499134,RU000A0D8L57,Volgograd Energo Sbyt (pref),2-01-65103-D,10.8,SUR,2,3,2024-05-28
VJGZ,TQBR,Варьеган,3258.0,1,0.1,A,Т+: Акции и ДР - безадрес.,0,ННК-Варьеганнефтегаз ПАО ао,,FNDT,EQIN,,2.0,3406.0,SUR,2024-05-24,18091110,RU0009046460,Var'eganneftegaz ao,1-01-00017-A,3258.0,SUR,1,3,2024-05-28
VJGZP,TQBR,Варьеган-п,2344.0,1,0.1,A,Т+: Акции и ДР - безадрес.,0,ННК-Варьеганнефтегаз ПАО ап,,FNDT,EQIN,,1.0,2377.0,SUR,2024-05-24,5883050,RU0007964789,Var'eganneftegaz ap,2-01-00017-A,2344.0,SUR,2,3,2024-05-28
VKCO,TQBR,"МКПАО ""ВК""",581.2,1,0.000450595,A,Т+: Акции и ДР - безадрес.,1,Международная компания ПАО ВК,,FNDT,EQIN,,0.2,591.6,SUR,2024-05-24,227874940,RU000A106YF0,VK International Public JS Com,1-01-16753-A,587.8,SUR,1,1,2024-05-28
VLHZ,TQBR,ВХЗ-ао,258.4,10,20.0,A,Т+: Акции и ДР - безадрес.,1,Владимирский химич.з-д(ПАО) ао,,FNDT,EQIN,,0.2,261.0,SUR,2024-05-24,5005605,RU0007984761,VHZ,1-02-04847-A,258.4,SUR,1,3,2024-05-28
VRSB,TQBR,ТНСэнВорон,617.0,10,0.4,A,Т+: Акции и ДР - безадрес.,1,ТНС энерго Воронеж ПАО ао,,FNDT,EQIN,,0.5,620.0,SUR,2024-05-24,56151024,RU000A0DPG67,TNS energo Voroneg ao,1-01-55029-E,617.0,SUR,1,3,2024-05-28
VRSBP,TQBR,ТНСэнВор-п,173.8,10,0.4,A,Т+: Акции и ДР - безадрес.,1,ТНС энерго Воронеж ПАО ап,,FNDT,EQIN,,0.2,174.6,SUR,2024-05-24,18716678,RU000A0DPG75,TNS energo Voroneg ap,2-01-55029-E,173.8,SUR,2,3,2024-05-28
VSMO,TQBR,ВСМПО-АВСМ,36940.0,1,1.0,A,Т+: Акции и ДР - безадрес.,0,Корп. ВСМПО-АВИСМА (ПАО) ао,,FNDT,EQIN,,20.0,37120.0,SUR,2024-05-24,11529538,RU0009100291,Corp. VSMPO-AVISMA ao,1-01-30202-D,37020.0,SUR,1,2,2024-05-28
VSYD,TQBR,ВыбСудЗ ао,16250.0,1,0.5,A,Т+: Акции и ДР - безадрес.,0,Выборгский Суд.Завод ПАО ао,,FNDT,EQIN,,50.0,16250.0,SUR,2024-05-24,1891250,RU0006334372,Viborgskii sudostr. Zavod ao,1-01-02203-D,16250.0,SUR,1,3,2024-05-28
VSYDP,TQBR,ВыбСудЗ ап,11760.0,1,0.5,A,Т+: Акции и ДР - безадрес.,0,Выборгский Суд.Завод ПАО ап,,FNDT,EQIN,,20.0,11820.0,SUR,2024-05-24,51839,RU0006334380,Viborgskii sudostr. Zavod ap,2-01-02203-D,11760.0,SUR,2,3,2024-05-28
VTBR,TQBR,ВТБ ао,0.02201,10000,0.01,A,Т+: Акции и ДР - безадрес.,6,ао ПАО Банк ВТБ,,FNDT,EQIN,,5e-06,0.02259,SUR,2024-05-24,26849669465190,RU000A0JP5V6,VTB,10401000B,0.022095,SUR,1,1,2024-05-28
WTCM,TQBR,ЦМТ ао,14.68,100,1.0,A,Т+: Акции и ДР - безадрес.,2,"""Центр междун. торговли""ПАО ао",,FNDT,EQIN,,0.02,14.96,SUR,2024-05-24,1083000000,RU0008137070,CMT,1-01-01837-A,14.68,SUR,1,3,2024-05-28
WTCMP,TQBR,ЦМТ ап,10.84,100,1.0,A,Т+: Акции и ДР - безадрес.,2,"""Центр междун. торговли""ПАО ап",,FNDT,EQIN,,0.02,10.92,SUR,2024-05-24,162000000,RU0008137088,CMT (pref),2-01-01837-A,10.84,SUR,2,3,2024-05-28
WUSH,TQBR,iВУШХолднг,304.41,1,0.01,A,Т+: Акции и ДР - безадрес.,2,ВУШ Холдинг ао,,FNDT,EQIN,,0.01,306.34,SUR,2024-05-24,111382432,RU000A105EX7,WHOOSH Holding,1-01-03292-G,306.05,SUR,1,2,2024-05-28
YAKG,TQBR,ЯТЭК ао,88.4,10,1.0,A,Т+: Акции и ДР - безадрес.,2,Якутская топл.-энерг. комп. ао,,FNDT,EQIN,,0.05,89.5,SUR,2024-05-24,826919375,RU0007796819,YaTEK ao,1-01-20510-F,88.4,SUR,1,3,2024-05-28
YKEN,TQBR,Якутскэнрг,0.68,10000,2.22,A,Т+: Акции и ДР - безадрес.,3,"АК ""Якутскэнерго"" (ПАО) ао",,FNDT,EQIN,,0.001,0.686,SUR,2024-05-24,10187741424,RU0009257075,YakutskEnergo,1-01-00304-A,0.681,SUR,1,3,2024-05-28
YKENP,TQBR,Якутскэн-п,0.562,10000,2.22,A,Т+: Акции и ДР - безадрес.,3,"АК ""Якутскэнерго"" (ПАО) ап",,FNDT,EQIN,,0.001,0.563,SUR,2024-05-24,1332635125,RU0007796827,YakutskEnergo ap,2-01-00304-A,0.562,SUR,2,3,2024-05-28
YNDX,TQBR,Yandex clA,4189.2,1,0.01,A,Т+: Акции и ДР - безадрес.,1,PLLC Yandex N.V. class A shs,,FNDT,EQIN,,0.2,4217.2,EUR,2024-05-24,326342270,NL0009805522,PLLC Yandex N.V.,,4168.2,SUR,1,1,2024-05-28
YRSB,TQBR,ТНСэнЯр,1114.0,10,1.0,A,Т+: Акции и ДР - безадрес.,0,ТНС энерго Ярославль ПАО ао,,FNDT,EQIN,,2.0,1134.0,SUR,2024-05-24,17143584,RU000A0D8760,TNS energo Yaroslavl' ao,1-01-50099-A,1116.0,SUR,1,3,2024-05-28
YRSBP,TQBR,ТНСэнЯр-п,249.0,10,1.0,A,Т+: Акции и ДР - безадрес.,1,ТНС энерго Ярославль ПАО ап,,FNDT,EQIN,,0.5,253.0,SUR,2024-05-24,4507320,RU000A0D88B3,TNS energo Yaroslavl' (pref),2-01-50099-A,249.0,SUR,2,3,2024-05-28
ZAYM,TQBR,Займер ао,204.05,10,0.1,A,Т+: Акции и ДР - безадрес.,2,Займер ао,,FNDT,EQIN,,0.05,209.65,SUR,2024-05-24,100000000,RU000A107RM8,Zaymer,1-01-16767-A,204.05,SUR,1,3,2024-05-28
ZILL,TQBR,ЗИЛ ао,3410.0,1,1000.0,A,Т+: Акции и ДР - безадрес.,0,Завод им. И.А.Лихачева ПАО ао,,FNDT,EQIN,,5.0,3500.0,SUR,2024-05-24,2659962,RU0009086193,ZIL ao,1-02-00036-A,3410.0,SUR,1,3,2024-05-28
ZVEZ,TQBR,ЗВЕЗДА ао,11.18,1000,0.1,A,Т+: Акции и ДР - безадрес.,2,ЗВЕЗДА ПАО ао,,FNDT,EQIN,,0.01,11.29,SUR,2024-05-24,562020480,RU0009091300,Zvezda ao,1-01-00169-D,11.19,SUR,1,3,2024-05-28
